icao_hex,registration,type,description,country,category,role,source
459901,OY-FHA,BN2P,BRITTEN-NORMAN BN-2 Islander,Denmark,military,Danish Defence,tar1090-db flag=10
459902,OY-FHB,BN2P,BRITTEN-NORMAN BN-2 Islander,Denmark,military,Danish Defence,tar1090-db flag=10
459903,OY-FHC,DHC6,DE HAVILLAND DHC-6 Twin Otter,Denmark,military,Danish Defence,tar1090-db flag=10
459904,OY-FHD,DHC6,DE HAVILLAND DHC-6 Twin Otter,Denmark,military,Danish Defence,tar1090-db flag=10
45F422,C-080,CL60,BOMBARDIER CL-600 Challenger,Denmark,military,Danish Defence,tar1090-db flag=10
45F424,C-168,CL60,BOMBARDIER CL-600 Challenger,Denmark,military,Danish Defence,tar1090-db flag=10
45F425,C-172,CL60,BOMBARDIER CL-600 Challenger,Denmark,military,Danish Defence,tar1090-db flag=10
45F426,C-215,CL60,BOMBARDIER CL-600 Challenger,Denmark,military,Danish Defence,tar1090-db flag=10
45F428,B-536,C30J,Lockheed Martin C-130J-30 Hercules,Denmark,military,Danish Defence,tar1090-db flag=10
45F429,B-537,C30J,Lockheed Martin C-130J-30 Hercules,Denmark,military,Danish Defence,tar1090-db flag=10
45F42A,B-538,C30J,Lockheed Martin C-130J-30 Hercules,Denmark,military,Danish Defence,tar1090-db flag=10
45F42B,B-583,C30J,Lockheed Martin C-130J-30 Hercules,Denmark,military,Danish Defence,tar1090-db flag=10
45F42C,M-502,EH10,AGUSTA WESTLAND EH-101 Merlin,Denmark,military,Danish Defence,tar1090-db flag=10
45F42D,M-516,EH10,AGUSTA WESTLAND EH-101 Merlin,Denmark,military,Danish Defence,tar1090-db flag=10
45F42E,M-504,EH10,AGUSTA WESTLAND EH-101 Merlin,Denmark,military,Danish Defence,tar1090-db flag=10
45F42F,M-517,EH10,AGUSTA WESTLAND EH-101 Merlin,Denmark,military,Danish Defence,tar1090-db flag=10
45F430,M-518,EH10,AGUSTA WESTLAND EH-101 Merlin,Denmark,military,Danish Defence,tar1090-db flag=10
45F431,M-507,EH10,AGUSTA WESTLAND EH-101 Merlin,Denmark,military,Danish Defence,tar1090-db flag=10
45F432,M-508,EH10,AGUSTA WESTLAND EH-101 Merlin,Denmark,military,Danish Defence,tar1090-db flag=10
45F433,M-519,EH10,AGUSTA WESTLAND EH-101 Merlin,Denmark,military,Danish Defence,tar1090-db flag=10
45F434,M-510,EH10,AGUSTA WESTLAND EH-101 Merlin,Denmark,military,Danish Defence,tar1090-db flag=10
45F435,M-520,EH10,AGUSTA WESTLAND EH-101 Merlin,Denmark,military,Danish Defence,tar1090-db flag=10
45F436,M-512,EH10,AGUSTA WESTLAND EH-101 Merlin,Denmark,military,Danish Defence,tar1090-db flag=10
45F437,M-513,EH10,AGUSTA WESTLAND EH-101 Merlin,Denmark,military,Danish Defence,tar1090-db flag=10
45F438,M-514,EH10,AGUSTA WESTLAND EH-101 Merlin,Denmark,military,Danish Defence,tar1090-db flag=10
45F439,M-515,EH10,AGUSTA WESTLAND EH-101 Merlin,Denmark,military,Danish Defence,tar1090-db flag=10
45F440,N-971,H60,SIKORSKY UH-60 Black Hawk,Denmark,military,Danish Defence,tar1090-db flag=10
45F442,N-973,H60,SIKORSKY UH-60 Black Hawk,Denmark,military,Danish Defence,tar1090-db flag=10
45F443,N-974,H60,SIKORSKY UH-60 Black Hawk,Denmark,military,Danish Defence,tar1090-db flag=10
45F444,N-975,H60,SIKORSKY UH-60 Black Hawk,Denmark,military,Danish Defence,tar1090-db flag=10
45F445,N-976,H60,SIKORSKY UH-60 Black Hawk,Denmark,military,Danish Defence,tar1090-db flag=10
45F446,N-977,H60,SIKORSKY UH-60 Black Hawk,Denmark,military,Danish Defence,tar1090-db flag=10
45F447,N-978,H60,SIKORSKY UH-60 Black Hawk,Denmark,military,Danish Defence,tar1090-db flag=10
45F448,N-979,H60,SIKORSKY UH-60 Black Hawk,Denmark,military,Danish Defence,tar1090-db flag=10
45F44D,T-432,MF17,SAAB T-17 Supporter,Denmark,military,Danish Defence,tar1090-db flag=10
45F45B,T-414,MF17,,Denmark,military,Danish Defence,tar1090-db flag=10
45F45D,T-417,MF17,,Denmark,military,Danish Defence,tar1090-db flag=10
45F461,,MF17,,Denmark,military,Danish Defence,tar1090-db flag=10
45F462,T-423,MF17,,Denmark,military,Danish Defence,tar1090-db flag=10
45F463,,MF17,,Denmark,military,Danish Defence,tar1090-db flag=10
45F464,T-426,MF17,,Denmark,military,Danish Defence,tar1090-db flag=10
45F466,T-428,MF17,,Denmark,military,Danish Defence,tar1090-db flag=10
45F467,T-429,MF17,,Denmark,military,Danish Defence,tar1090-db flag=10
45F468,T-430,MF17,,Denmark,military,Danish Defence,tar1090-db flag=10
45F469,T-431,MF17,SAAB T-17 Supporter,Denmark,military,Danish Defence,tar1090-db flag=10
467801,FF-3,F27,FOKKER F-27,Finland,military,Finnish Defence Forces,tar1090-db flag=10
467807,HN-402,F18H,BOEING FA-18 HORNET,Finland,military,Finnish Defence Forces,tar1090-db flag=10
467808,HN-403,F18H,BOEING FA-18 HORNET,Finland,military,Finnish Defence Forces,tar1090-db flag=10
467809,HN-404,F18H,BOEING FA-18 HORNET,Finland,military,Finnish Defence Forces,tar1090-db flag=10
46780A,HN-405,F18H,BOEING FA-18 HORNET,Finland,military,Finnish Defence Forces,tar1090-db flag=10
46780B,HN-406,F18H,BOEING FA-18 HORNET,Finland,military,Finnish Defence Forces,tar1090-db flag=10
46780C,HN-407,F18H,BOEING FA-18 HORNET,Finland,military,Finnish Defence Forces,tar1090-db flag=10
46780D,HN-408,F18H,BOEING FA-18 HORNET,Finland,military,Finnish Defence Forces,tar1090-db flag=10
46780F,HN-410,F18H,BOEING FA-18 HORNET,Finland,military,Finnish Defence Forces,tar1090-db flag=10
467811,HN-412,F18H,BOEING FA-18 HORNET,Finland,military,Finnish Defence Forces,tar1090-db flag=10
467812,HN-414,F18H,BOEING FA-18 HORNET,Finland,military,Finnish Defence Forces,tar1090-db flag=10
467813,HN-415,F18H,BOEING FA-18 HORNET,Finland,military,Finnish Defence Forces,tar1090-db flag=10
467814,HN-416,F18H,BOEING FA-18 HORNET,Finland,military,Finnish Defence Forces,tar1090-db flag=10
467815,HN-417,F18H,BOEING FA-18 HORNET,Finland,military,Finnish Defence Forces,tar1090-db flag=10
467816,HN-418,F18H,BOEING FA-18 HORNET,Finland,military,Finnish Defence Forces,tar1090-db flag=10
467817,HN-419,F18H,BOEING FA-18 HORNET,Finland,military,Finnish Defence Forces,tar1090-db flag=10
467818,HN-420,F18H,BOEING FA-18 HORNET,Finland,military,Finnish Defence Forces,tar1090-db flag=10
467819,HN-421,F18H,BOEING FA-18 HORNET,Finland,military,Finnish Defence Forces,tar1090-db flag=10
46781A,HN-422,F18H,BOEING FA-18 HORNET,Finland,military,Finnish Defence Forces,tar1090-db flag=10
46781B,HN-423,F18H,BOEING FA-18 HORNET,Finland,military,Finnish Defence Forces,tar1090-db flag=10
46781D,HN-425,F18H,BOEING FA-18 HORNET,Finland,military,Finnish Defence Forces,tar1090-db flag=10
46781F,HN-427,F18H,BOEING FA-18 HORNET,Finland,military,Finnish Defence Forces,tar1090-db flag=10
467820,HN-428,F18H,BOEING FA-18 HORNET,Finland,military,Finnish Defence Forces,tar1090-db flag=10
467821,HN-429,F18H,BOEING FA-18 HORNET,Finland,military,Finnish Defence Forces,tar1090-db flag=10
467822,HN-431,F18H,BOEING FA-18 HORNET,Finland,military,Finnish Defence Forces,tar1090-db flag=10
467823,HN-432,F18H,BOEING FA-18 HORNET,Finland,military,Finnish Defence Forces,tar1090-db flag=10
467824,HN-433,F18H,BOEING FA-18 HORNET,Finland,military,Finnish Defence Forces,tar1090-db flag=10
467826,HN-435,F18H,BOEING FA-18 HORNET,Finland,military,Finnish Defence Forces,tar1090-db flag=10
467827,HN-436,F18H,BOEING FA-18 HORNET,Finland,military,Finnish Defence Forces,tar1090-db flag=10
467829,HN-438,F18H,BOEING FA-18 HORNET,Finland,military,Finnish Defence Forces,tar1090-db flag=10
46782A,HN-439,F18H,BOEING FA-18 HORNET,Finland,military,Finnish Defence Forces,tar1090-db flag=10
46782D,HN-442,F18H,BOEING FA-18 HORNET,Finland,military,Finnish Defence Forces,tar1090-db flag=10
46782E,HN-443,F18H,BOEING FA-18 HORNET,Finland,military,Finnish Defence Forces,tar1090-db flag=10
46782F,HN-444,F18H,BOEING FA-18 HORNET,Finland,military,Finnish Defence Forces,tar1090-db flag=10
467830,HN-445,F18H,BOEING FA-18 HORNET,Finland,military,Finnish Defence Forces,tar1090-db flag=10
467831,HN-446,F18H,BOEING FA-18 HORNET,Finland,military,Finnish Defence Forces,tar1090-db flag=10
467832,HN-447,F18H,BOEING FA-18 HORNET,Finland,military,Finnish Defence Forces,tar1090-db flag=10
467833,HN-448,F18H,BOEING FA-18 HORNET,Finland,military,Finnish Defence Forces,tar1090-db flag=10
467834,HN-449,F18H,BOEING FA-18 HORNET,Finland,military,Finnish Defence Forces,tar1090-db flag=10
467835,HN-450,F18H,BOEING FA-18 HORNET,Finland,military,Finnish Defence Forces,tar1090-db flag=10
467836,HN-451,F18H,BOEING FA-18 HORNET,Finland,military,Finnish Defence Forces,tar1090-db flag=10
467837,HN-452,F18H,BOEING FA-18 HORNET,Finland,military,Finnish Defence Forces,tar1090-db flag=10
467838,HN-453,F18H,BOEING FA-18 HORNET,Finland,military,Finnish Defence Forces,tar1090-db flag=10
467839,HN-454,F18H,BOEING FA-18 HORNET,Finland,military,Finnish Defence Forces,tar1090-db flag=10
46783A,HN-455,F18H,BOEING FA-18 HORNET,Finland,military,Finnish Defence Forces,tar1090-db flag=10
46783B,HN-456,F18H,BOEING FA-18 HORNET,Finland,military,Finnish Defence Forces,tar1090-db flag=10
46783C,HN-457,F18H,BOEING FA-18 HORNET,Finland,military,Finnish Defence Forces,tar1090-db flag=10
46783D,HN-461,F18H,BOEING FA-18 HORNET,Finland,military,Finnish Defence Forces,tar1090-db flag=10
46783E,HN-462,F18H,BOEING FA-18 HORNET,Finland,military,Finnish Defence Forces,tar1090-db flag=10
46783F,HN-463,F18H,BOEING FA-18 HORNET,Finland,military,Finnish Defence Forces,tar1090-db flag=10
467840,HN-464,F18H,BOEING FA-18 HORNET,Finland,military,Finnish Defence Forces,tar1090-db flag=10
467841,HN-465,F18H,BOEING FA-18 HORNET,Finland,military,Finnish Defence Forces,tar1090-db flag=10
467842,HN-466,F18H,BOEING FA-18 HORNET,Finland,military,Finnish Defence Forces,tar1090-db flag=10
467843,HN-467,F18H,BOEING FA-18 HORNET,Finland,military,Finnish Defence Forces,tar1090-db flag=10
467844,HN-424,F18H,BOEING FA-18 HORNET,Finland,military,Finnish Defence Forces,tar1090-db flag=10
467847,HN-411,F18H,BOEING FA-18 HORNET,Finland,military,Finnish Defence Forces,tar1090-db flag=10
46788B,LJ-3,LJ35,LEARJET 35,Finland,military,Finnish Defence Forces,tar1090-db flag=10
46788C,LJ-2,LJ35,LEARJET 35,Finland,military,Finnish Defence Forces,tar1090-db flag=10
46788D,LJ-1,LJ35,LEARJET 35,Finland,military,Finnish Defence Forces,tar1090-db flag=10
46788E,CC-1,C295,CASA C-295 Persuader,Finland,military,Finnish Defence Forces,tar1090-db flag=10
46788F,CC-2,C295,CASA C-295 Persuader,Finland,military,Finnish Defence Forces,tar1090-db flag=10
467890,PI-01,PC12,PILATUS PC-12,Finland,military,Finnish Defence Forces,tar1090-db flag=10
467891,PI-02,PC12,PILATUS PC-12,Finland,military,Finnish Defence Forces,tar1090-db flag=10
467892,PI-03,PC12,PILATUS PC-12,Finland,military,Finnish Defence Forces,tar1090-db flag=10
467893,PI-04,PC12,PILATUS PC-12,Finland,military,Finnish Defence Forces,tar1090-db flag=10
467894,PI-05,PC12,PILATUS PC-12,Finland,military,Finnish Defence Forces,tar1090-db flag=10
467895,PI-06,PC12,PILATUS PC-12,Finland,military,Finnish Defence Forces,tar1090-db flag=10
467896,CC-3,C295,CASA C-295 Persuader,Finland,military,Finnish Defence Forces,tar1090-db flag=10
467897,GO-1,G115,GROB G-115,Finland,military,Finnish Defence Forces,tar1090-db flag=10
467898,GO-2,G115,GROB G-115,Finland,military,Finnish Defence Forces,tar1090-db flag=10
467899,GO-3,G115,GROB G-115,Finland,military,Finnish Defence Forces,tar1090-db flag=10
46789A,GO-4,G115,GROB G-115,Finland,military,Finnish Defence Forces,tar1090-db flag=10
46789B,GO-5,G115,GROB G-115,Finland,military,Finnish Defence Forces,tar1090-db flag=10
46789C,GO-6,G115,GROB G-115,Finland,military,Finnish Defence Forces,tar1090-db flag=10
46789D,GO-7,G115,GROB G-115,Finland,military,Finnish Defence Forces,tar1090-db flag=10
46789E,GO-8,G115,GROB G-115,Finland,military,Finnish Defence Forces,tar1090-db flag=10
46789F,GO-9,G115,GROB G-115,Finland,military,Finnish Defence Forces,tar1090-db flag=10
4678A0,GO-10,G115,GROB G-115,Finland,military,Finnish Defence Forces,tar1090-db flag=10
4678A1,GO-11,G115,GROB G-115,Finland,military,Finnish Defence Forces,tar1090-db flag=10
4678A2,GO-12,G115,GROB G-115,Finland,military,Finnish Defence Forces,tar1090-db flag=10
4678A3,GO-13,G115,GROB G-115,Finland,military,Finnish Defence Forces,tar1090-db flag=10
4678A4,GO-14,G115,GROB G-115,Finland,military,Finnish Defence Forces,tar1090-db flag=10
4678A5,GO-15,G115,GROB G-115,Finland,military,Finnish Defence Forces,tar1090-db flag=10
4678A6,GO-16,G115,GROB G-115,Finland,military,Finnish Defence Forces,tar1090-db flag=10
4678A7,GO-17,G115,GROB G-115,Finland,military,Finnish Defence Forces,tar1090-db flag=10
4678A8,GO-18,G115,GROB G-115,Finland,military,Finnish Defence Forces,tar1090-db flag=10
4678A9,GO-19,G115,GROB G-115,Finland,military,Finnish Defence Forces,tar1090-db flag=10
4678AB,GO-21,G115,GROB G-115,Finland,military,Finnish Defence Forces,tar1090-db flag=10
4678AC,GO-22,G115,,Finland,military,Finnish Defence Forces,tar1090-db flag=10
4678AF,GO-25,G115,GROB G-115,Finland,military,Finnish Defence Forces,tar1090-db flag=10
4678B1,GO-27,G115,GROB G-115,Finland,military,Finnish Defence Forces,tar1090-db flag=10
3B77DA,204,E3CF,Boeing E-3F Sentry,France,military,AWACS airborne early warning,tar1090-db flag=10
3B77DB,702-CC,E3CF,,France,military,AWACS airborne early warning,tar1090-db flag=10
3B77DC,202,E3CF,Boeing E-3F Sentry,France,military,AWACS airborne early warning,tar1090-db flag=10
3B77DD,201,E3CF,Boeing E-3F Sentry,France,military,AWACS airborne early warning,tar1090-db flag=10
3F476B,60+04,P3,,Germany,military,German Navy maritime patrol,tar1090-db flag=10
3F6001,60+01,P3,LOCKHEED P-3 Orion,Germany,military,German Navy maritime patrol,tar1090-db flag=10
3F6005,60+05,P3,LOCKHEED P-3 Orion,Germany,military,German Navy maritime patrol,tar1090-db flag=10
3F6007,60+07,P3,LOCKHEED P-3 Orion,Germany,military,German Navy maritime patrol,tar1090-db flag=10
4D03C0,LX-N90442,E3TF,Boeing E-3A Sentry,NATO (Luxembourg),military,AWACS airborne early warning,tar1090-db flag=10
4D03C1,LX-N90443,E3TF,Boeing E-3A Sentry,NATO (Luxembourg),military,AWACS airborne early warning,tar1090-db flag=10
4D03C2,LX-N90444,E3TF,Boeing E-3A Sentry,NATO (Luxembourg),military,AWACS airborne early warning,tar1090-db flag=10
4D03C3,LX-N90445,E3TF,Boeing E-3A Sentry,NATO (Luxembourg),military,AWACS airborne early warning,tar1090-db flag=10
4D03C4,LX-N90446,E3TF,Boeing E-3A Sentry,NATO (Luxembourg),military,AWACS airborne early warning,tar1090-db flag=10
4D03C5,LX-N90447,E3TF,Boeing E-3A Sentry,NATO (Luxembourg),military,AWACS airborne early warning,tar1090-db flag=10
4D03C6,LX-N90448,E3TF,Boeing E-3A Sentry,NATO (Luxembourg),military,AWACS airborne early warning,tar1090-db flag=10
4D03C8,LX-N90450,E3TF,Boeing E-3A Sentry,NATO (Luxembourg),military,AWACS airborne early warning,tar1090-db flag=10
4D03C9,LX-N90451,E3TF,Boeing E-3A Sentry,NATO (Luxembourg),military,AWACS airborne early warning,tar1090-db flag=10
4D03CA,LX-N90452,E3TF,Boeing E-3A Sentry,NATO (Luxembourg),military,AWACS airborne early warning,tar1090-db flag=10
4D03CB,LX-N90453,E3TF,Boeing E-3A Sentry,NATO (Luxembourg),military,AWACS airborne early warning,tar1090-db flag=10
4D03CC,LX-N90454,E3TF,Boeing E-3A Sentry,NATO (Luxembourg),military,AWACS airborne early warning,tar1090-db flag=10
4D03CD,LX-N90455,E3TF,Boeing E-3A Sentry,NATO (Luxembourg),military,AWACS airborne early warning,tar1090-db flag=10
4D03CE,LX-N90456,E3TF,Boeing E-3A Sentry,NATO (Luxembourg),military,AWACS airborne early warning,tar1090-db flag=10
4D03D0,LX-N90459,E3TF,Boeing E-3A Sentry,NATO (Luxembourg),military,AWACS airborne early warning,tar1090-db flag=10
4783DF,LN-LYR,D228,Dornier 228,Norway,coast_guard,Lufttransport for Kystvakten/Sysselmannen,manual_override
478764,LN-LTS,D228,Dornier 228,Norway,coast_guard,Lufttransport for Kystvakten/Sysselmannen,manual_override
4780EE,674,F16,GENERAL DYNAMICS F-16 Fighting Falcon,Norway,military,Royal Norwegian Air Force,tar1090-db flag=10
478114,5607,C30J,Lockheed Martin C-130J-30 Hercules,Norway,military,Royal Norwegian Air Force,tar1090-db flag=10
478115,5601,C30J,Lockheed Martin C-130J-30 Hercules,Norway,military,Royal Norwegian Air Force,tar1090-db flag=10
478116,5629,C30J,Lockheed Martin C-130J-30 Hercules,Norway,military,Royal Norwegian Air Force,tar1090-db flag=10
478117,5699,C30J,Lockheed Martin C-130J-30 Hercules,Norway,military,Royal Norwegian Air Force,tar1090-db flag=10
47811A,4576,P3,LOCKHEED P-3 Orion,Norway,military,Royal Norwegian Air Force,tar1090-db flag=10
478121,053,FA20,DASSAULT Falcon 200,Norway,military,Royal Norwegian Air Force,tar1090-db flag=10
478124,0264,EH10,AGUSTA WESTLAND EH-101 Merlin,Norway,military,Royal Norwegian Air Force,tar1090-db flag=10
478125,0265,EH10,AGUSTA WESTLAND EH-101 Merlin,Norway,military,Royal Norwegian Air Force,tar1090-db flag=10
478127,0270,EH10,AGUSTA WESTLAND EH-101 Merlin,Norway,military,Royal Norwegian Air Force,tar1090-db flag=10
478128,0273,EH10,AGUSTA WESTLAND EH-101 Merlin,Norway,military,Royal Norwegian Air Force,tar1090-db flag=10
478129,0275,EH10,AGUSTA WESTLAND EH-101 Merlin,Norway,military,Royal Norwegian Air Force,tar1090-db flag=10
47812A,0276,EH10,AGUSTA WESTLAND EH-101 Merlin,Norway,military,Royal Norwegian Air Force,tar1090-db flag=10
47812B,0277,EH10,AGUSTA WESTLAND EH-101 Merlin,Norway,military,Royal Norwegian Air Force,tar1090-db flag=10
47812C,0278,EH10,AGUSTA WESTLAND EH-101 Merlin,Norway,military,Royal Norwegian Air Force,tar1090-db flag=10
47812D,0279,EH10,AGUSTA WESTLAND EH-101 Merlin,Norway,military,Royal Norwegian Air Force,tar1090-db flag=10
47812E,0280,EH10,AGUSTA WESTLAND EH-101 Merlin,Norway,military,Royal Norwegian Air Force,tar1090-db flag=10
47812F,0281,EH10,AGUSTA WESTLAND EH-101 Merlin,Norway,military,Royal Norwegian Air Force,tar1090-db flag=10
478130,0282,EH10,AGUSTA WESTLAND EH-101 Merlin,Norway,military,Royal Norwegian Air Force,tar1090-db flag=10
478131,0283,EH10,AGUSTA WESTLAND EH-101 Merlin,Norway,military,Royal Norwegian Air Force,tar1090-db flag=10
478132,0284,EH10,AGUSTA WESTLAND EH-101 Merlin,Norway,military,Royal Norwegian Air Force,tar1090-db flag=10
47819D,9582,P8,Boeing P-8A Poseidon,Norway,military,Royal Norwegian Air Force,tar1090-db flag=10
47819E,9583,P8,Boeing P-8A Poseidon,Norway,military,Royal Norwegian Air Force,tar1090-db flag=10
47819F,9584,P8,Boeing P-8A Poseidon,Norway,military,Royal Norwegian Air Force,tar1090-db flag=10
4781A0,9585,P8,Boeing P-8A Poseidon,Norway,military,Royal Norwegian Air Force,tar1090-db flag=10
4781A1,9586,P8,Boeing P-8A Poseidon,Norway,military,Royal Norwegian Air Force,tar1090-db flag=10
4781A3,804,MF17,SAAB T-17 Supporter,Norway,military,Royal Norwegian Air Force,tar1090-db flag=10
478058,LN-ORC,A169,Leonardo AW169,Norway,police,Politiets helikoptertjeneste,manual_override
479B34,LN-ORB,A169,Leonardo AW169,Norway,police,Politiets helikoptertjeneste,manual_override
479C1E,LN-ORA,A169,Leonardo AW169,Norway,police,Politiets helikoptertjeneste,manual_override
48D820,0213,M28,PZL-MIELEC M-28 Skytruck,Poland,military,Polish maritime patrol,tar1090-db flag=10
48D821,0214,M28,PZL-MIELEC M-28 Skytruck,Poland,military,Polish maritime patrol,tar1090-db flag=10
48D822,0215,AN28,ANTONOV An-28,Poland,military,Polish maritime patrol,tar1090-db flag=10
48D823,0216,M28,PZL-MIELEC M-28 Skytruck,Poland,military,Polish maritime patrol,tar1090-db flag=10
48D824,0217,AN28,ANTONOV An-28,Poland,military,Polish maritime patrol,tar1090-db flag=10
48D825,0205,AN28,ANTONOV An-28,Poland,military,Polish maritime patrol,tar1090-db flag=10
48D826,0206,M28,PZL-MIELEC M-28 Skytruck,Poland,military,Polish maritime patrol,tar1090-db flag=10
48D827,0218,M28,PZL-MIELEC M-28 Skytruck,Poland,military,Polish maritime patrol,tar1090-db flag=10
48D828,0219,M28,PZL-MIELEC M-28 Skytruck,Poland,military,Polish maritime patrol,tar1090-db flag=10
48D829,0220,M28,PZL-MIELEC M-28 Skytruck,Poland,military,Polish maritime patrol,tar1090-db flag=10
48D82B,0221,M28,PZL-MIELEC M-28 Skytruck,Poland,military,Polish maritime patrol,tar1090-db flag=10
48D82C,0222,AN28,ANTONOV An-28,Poland,military,Polish maritime patrol,tar1090-db flag=10
48D82D,0223,M28,PZL-MIELEC M-28 Skytruck,Poland,military,Polish maritime patrol,tar1090-db flag=10
48D82E,0224,M28,PZL-MIELEC M-28 Skytruck,Poland,military,Polish maritime patrol,tar1090-db flag=10
48D82F,0225,M28,PZL-MIELEC M-28 Skytruck,Poland,military,Polish maritime patrol,tar1090-db flag=10
48D840,011,C295,CASA C-295 Persuader,Poland,military,Polish maritime patrol,tar1090-db flag=10
48D841,012,C295,CASA C-295 Persuader,Poland,military,Polish maritime patrol,tar1090-db flag=10
48D842,013,C295,CASA C-295 Persuader,Poland,military,Polish maritime patrol,tar1090-db flag=10
48D843,014,C295,CASA C-295 Persuader,Poland,military,Polish maritime patrol,tar1090-db flag=10
48D844,015,C295,CASA C-295 Persuader,Poland,military,Polish maritime patrol,tar1090-db flag=10
48D845,016,C295,CASA C-295 Persuader,Poland,military,Polish maritime patrol,tar1090-db flag=10
48D846,017,C295,CASA C-295 Persuader,Poland,military,Polish maritime patrol,tar1090-db flag=10
48D847,018,C295,CASA C-295 Persuader,Poland,military,Polish maritime patrol,tar1090-db flag=10
48D849,020,C295,CASA C-295 Persuader,Poland,military,Polish maritime patrol,tar1090-db flag=10
48D84B,021,C295,CASA C-295 Persuader,Poland,military,Polish maritime patrol,tar1090-db flag=10
48D84C,022,C295,CASA C-295 Persuader,Poland,military,Polish maritime patrol,tar1090-db flag=10
48D852,023,C295,CASA C-295 Persuader,Poland,military,Polish maritime patrol,tar1090-db flag=10
48D853,024,C295,CASA C-295 Persuader,Poland,military,Polish maritime patrol,tar1090-db flag=10
48D854,025,C295,CASA C-295 Persuader,Poland,military,Polish maritime patrol,tar1090-db flag=10
48D855,026,C295,CASA C-295 Persuader,Poland,military,Polish maritime patrol,tar1090-db flag=10
48D856,027,C295,CASA C-295 Persuader,Poland,military,Polish maritime patrol,tar1090-db flag=10
48DA85,1017,M28,PZL-MIELEC M-28 Skytruck,Poland,military,Polish maritime patrol,tar1090-db flag=10
4AB421,SE-MAA,DH8C,DHC-8-300 Dash 8,Sweden,coast_guard,Kustbevakningen,manual_override
4AB422,SE-MAB,DH8C,DHC-8-300 Dash 8,Sweden,coast_guard,Kustbevakningen,manual_override
4AB423,SE-MAC,DH8C,DHC-8-300 Dash 8,Sweden,coast_guard,Kustbevakningen,manual_override
4A8114,100001,SF34,SAAB 340,Sweden,military,Swedish Armed Forces,tar1090-db flag=10
4A8182,84002,C130,LOCKHEED C-130 Hercules,Sweden,military,Swedish Armed Forces,tar1090-db flag=10
4A8184,84004,C130,LOCKHEED C-130 Hercules,Sweden,military,Swedish Armed Forces,tar1090-db flag=10
4A8185,84005,C130,LOCKHEED C-130 Hercules,Sweden,military,Swedish Armed Forces,tar1090-db flag=10
4A8186,84006,C130,LOCKHEED C-130 Hercules,Sweden,military,Swedish Armed Forces,tar1090-db flag=10
4A8187,84007,C130,LOCKHEED C-130 Hercules,Sweden,military,Swedish Armed Forces,tar1090-db flag=10
4A8188,84008,C130,LOCKHEED C-130 Hercules,Sweden,military,Swedish Armed Forces,tar1090-db flag=10
4A8199,102004,GLF4,GULFSTREAM 4,Sweden,military,Swedish Armed Forces,tar1090-db flag=10
4A81E6,86001,SBR1,NORTH AMERICAN Sabre 40/50/60/65,Sweden,military,Swedish Armed Forces,tar1090-db flag=10
4A81F4,100008,SF34,SAAB 340,Sweden,military,Swedish Armed Forces,tar1090-db flag=10
4A81F8,102003,GLF4,GULFSTREAM 4,Sweden,military,Swedish Armed Forces,tar1090-db flag=10
4A81F9,102002,GLF4,GULFSTREAM 4,Sweden,military,Swedish Armed Forces,tar1090-db flag=10
4A821F,100003,SF34,SAAB 340,Sweden,military,Swedish Armed Forces,tar1090-db flag=10
4A8220,100004,SF34,SAAB 340,Sweden,military,Swedish Armed Forces,tar1090-db flag=10
4A822A,102005,GLF5,GULFSTREAM 5,Sweden,military,Swedish Armed Forces,tar1090-db flag=10
4A82EE,60033,SB05,SAAB 105,Sweden,military,Swedish Armed Forces,tar1090-db flag=10
4A82F0,60038,SB05,SAAB 105,Sweden,military,Swedish Armed Forces,tar1090-db flag=10
4A82F1,60040,SB05,SAAB 105,Sweden,military,Swedish Armed Forces,tar1090-db flag=10
4A82F2,60041,SB05,SAAB 105,Sweden,military,Swedish Armed Forces,tar1090-db flag=10
4A82F3,60045,SB05,SAAB 105,Sweden,military,Swedish Armed Forces,tar1090-db flag=10
4A82F7,60061,SB05,SAAB 105,Sweden,military,Swedish Armed Forces,tar1090-db flag=10
4A82F8,60062,SB05,SAAB 105,Sweden,military,Swedish Armed Forces,tar1090-db flag=10
4A82F9,60063,SB05,SAAB 105,Sweden,military,Swedish Armed Forces,tar1090-db flag=10
4A82FB,60073,SB05,SAAB 105,Sweden,military,Swedish Armed Forces,tar1090-db flag=10
4A82FC,60079,SB05,SAAB 105,Sweden,military,Swedish Armed Forces,tar1090-db flag=10
4A82FD,60083,SB05,SAAB 105,Sweden,military,Swedish Armed Forces,tar1090-db flag=10
4A82FF,60088,SB05,SAAB 105,Sweden,military,Swedish Armed Forces,tar1090-db flag=10
4A8301,60098,SB05,SAAB 105,Sweden,military,Swedish Armed Forces,tar1090-db flag=10
4A8302,60100,SB05,SAAB 105,Sweden,military,Swedish Armed Forces,tar1090-db flag=10
4A8306,60105,SB05,SAAB 105,Sweden,military,Swedish Armed Forces,tar1090-db flag=10
4A8309,60114,SB05,SAAB 105,Sweden,military,Swedish Armed Forces,tar1090-db flag=10
4A830A,60115,SB05,SAAB 105,Sweden,military,Swedish Armed Forces,tar1090-db flag=10
4A830B,60116,SB05,SAAB 105,Sweden,military,Swedish Armed Forces,tar1090-db flag=10
4A830C,60118,SB05,SAAB 105,Sweden,military,Swedish Armed Forces,tar1090-db flag=10
4A830E,60125,SB05,SAAB 105,Sweden,military,Swedish Armed Forces,tar1090-db flag=10
4A8312,60133,SB05,SAAB 105,Sweden,military,Swedish Armed Forces,tar1090-db flag=10
4A8314,60136,SB05,SAAB 105,Sweden,military,Swedish Armed Forces,tar1090-db flag=10
4A8315,60137,SB05,SAAB 105,Sweden,military,Swedish Armed Forces,tar1090-db flag=10
4A8317,60141,SB05,SAAB 105,Sweden,military,Swedish Armed Forces,tar1090-db flag=10
4AEBD3,161226,H60,SIKORSKY UH-60 Black Hawk,Sweden,military,Swedish Armed Forces,tar1090-db flag=10
4AEBE3,146056,G120,GROB G-120,Sweden,military,Swedish Armed Forces,tar1090-db flag=10
4AEC62,35-195,LJ35,,Sweden,military,Swedish Armed Forces,tar1090-db flag=10
4AEC63,35-075,LJ35,LEARJET 35,Sweden,military,Swedish Armed Forces,tar1090-db flag=10
4AECB9,40198,G120,GROB G-120,Sweden,military,Swedish Armed Forces,tar1090-db flag=10
4AECBA,40199,G120,GROB G-120,Sweden,military,Swedish Armed Forces,tar1090-db flag=10
4AECBB,40200,G120,GROB G-120,Sweden,military,Swedish Armed Forces,tar1090-db flag=10
4AECBC,60-306,LJ60,LEARJET 60,Sweden,military,Swedish Armed Forces,tar1090-db flag=10
4AECBD,40205,G12T,GROB G-120TP,Sweden,military,Swedish Armed Forces,tar1090-db flag=10
4AECBE,40206,G12T,GROB G-120TP,Sweden,military,Swedish Armed Forces,tar1090-db flag=10
4AECBF,40207,G12T,GROB G-120TP,Sweden,military,Swedish Armed Forces,tar1090-db flag=10
4AECC0,40208,G12T,GROB G-120TP,Sweden,military,Swedish Armed Forces,tar1090-db flag=10
4AECC3,106111,GLEX,BOMBARDIER BD-700 Global 6000/6500,Sweden,military,Swedish Armed Forces,tar1090-db flag=10
4AECC5,40211,G12T,GROB G-120TP,Sweden,military,Swedish Armed Forces,tar1090-db flag=10
4AECC6,40212,G12T,GROB G-120TP,Sweden,military,Swedish Armed Forces,tar1090-db flag=10
4AECC7,40213,G12T,GROB G-120TP,Sweden,military,Swedish Armed Forces,tar1090-db flag=10
4AECC8,60-252,LJ60,LEARJET 60,Sweden,military,Swedish Armed Forces,tar1090-db flag=10
4AECC9,60-280,LJ60,LEARJET 60,Sweden,military,Swedish Armed Forces,tar1090-db flag=10
4AECCA,60-296,LJ60,LEARJET 60,Sweden,military,Swedish Armed Forces,tar1090-db flag=10
4AECCB,40214,G12T,GROB G-120TP,Sweden,military,Swedish Armed Forces,tar1090-db flag=10
4AECCC,40216,G12T,GROB G-120TP,Sweden,military,Swedish Armed Forces,tar1090-db flag=10
4AECCE,106166,GLEX,BOMBARDIER BD-700 Global 6000/6500,Sweden,military,Swedish Armed Forces,tar1090-db flag=10
4AAA0E,SE-JPN,B429,Bell 429 GlobalRanger,Sweden,police,Polisflyget,manual_override
4AAA0F,SE-JPO,B429,Bell 429 GlobalRanger,Sweden,police,Polisflyget,manual_override
4AAA12,SE-JPR,B429,Bell 429 GlobalRanger,Sweden,police,Polisflyget,manual_override
4AAA13,SE-JPS,B429,Bell 429 GlobalRanger,Sweden,police,Polisflyget,manual_override
4AAA14,SE-JPT,B429,Bell 429 GlobalRanger,Sweden,police,Polisflyget,manual_override
4AAA15,SE-JPU,B429,Bell 429 GlobalRanger,Sweden,police,Polisflyget,manual_override
4AAA16,SE-JPV,B429,Bell 429 GlobalRanger,Sweden,police,Polisflyget,manual_override
4AAA18,SE-JPX,B429,Bell 429 GlobalRanger,Sweden,police,Polisflyget,manual_override
4AAA19,SE-JPY,B429,Bell 429 GlobalRanger,Sweden,police,Polisflyget,manual_override
43C38C,ZZ664,R135,Boeing RC-135W Rivet Joint,United Kingdom,military,RAF signals intelligence,tar1090-db flag=10
43C39C,ZZ665,R135,BOEING RC-135,United Kingdom,military,RAF signals intelligence,tar1090-db flag=10
43C39D,ZZ666,R135,BOEING RC-135,United Kingdom,military,RAF signals intelligence,tar1090-db flag=10
43C39F,ZH101,E3CF,Boeing E-3D Sentry,United Kingdom,military,AWACS airborne early warning,tar1090-db flag=10
43C3A1,ZH103,E3CF,Boeing E-3D Sentry,United Kingdom,military,AWACS airborne early warning,tar1090-db flag=10
43C3A2,ZH104,E3CF,Boeing E-3D Sentry,United Kingdom,military,AWACS airborne early warning,tar1090-db flag=10
43C3A4,ZH106,E3CF,Boeing E-3D Sentry,United Kingdom,military,AWACS airborne early warning,tar1090-db flag=10
43C918,ZP801,P8,Boeing Poseidon MRA1 (P-8A),United Kingdom,military,RAF maritime patrol,tar1090-db flag=10
43C919,ZP802,P8,Boeing Poseidon MRA1 (P-8A),United Kingdom,military,RAF maritime patrol,tar1090-db flag=10
43C91A,ZP803,P8,Boeing Poseidon MRA1 (P-8A),United Kingdom,military,RAF maritime patrol,tar1090-db flag=10
43C91B,ZP804,P8,Boeing Poseidon MRA1 (P-8A),United Kingdom,military,RAF maritime patrol,tar1090-db flag=10
43C91C,ZP805,P8,Boeing Poseidon MRA1 (P-8A),United Kingdom,military,RAF maritime patrol,tar1090-db flag=10
43C91D,ZP806,P8,Boeing Poseidon MRA1 (P-8A),United Kingdom,military,RAF maritime patrol,tar1090-db flag=10
43C91E,ZP807,P8,Boeing Poseidon MRA1 (P-8A),United Kingdom,military,RAF maritime patrol,tar1090-db flag=10
43C91F,ZP808,P8,Boeing Poseidon MRA1 (P-8A),United Kingdom,military,RAF maritime patrol,tar1090-db flag=10
43C920,ZP809,P8,Boeing Poseidon MRA1 (P-8A),United Kingdom,military,RAF maritime patrol,tar1090-db flag=10
AE01C3,64-14848,R135,Boeing RC-135V Rivet Joint,United States,military,USAF signals intelligence,tar1090-db flag=10
AE01C4,64-14842,R135,Boeing RC-135V Rivet Joint,United States,military,USAF signals intelligence,tar1090-db flag=10
AE01C5,64-14843,R135,Boeing RC-135V Rivet Joint,United States,military,USAF signals intelligence,tar1090-db flag=10
AE01C6,64-14844,R135,Boeing RC-135V Rivet Joint,United States,military,USAF signals intelligence,tar1090-db flag=10
AE01C7,64-14845,R135,Boeing RC-135V Rivet Joint,United States,military,USAF signals intelligence,tar1090-db flag=10
AE01C8,64-14846,R135,Boeing RC-135V Rivet Joint,United States,military,USAF signals intelligence,tar1090-db flag=10
AE01C9,64-14841,R135,Boeing RC-135V Rivet Joint,United States,military,USAF signals intelligence,tar1090-db flag=10
AE01CA,63-9792,R135,Boeing RC-135V Rivet Joint,United States,military,USAF signals intelligence,tar1090-db flag=10
AE01CB,62-4135,R135,Boeing RC-135W Rivet Joint,United States,military,USAF signals intelligence,tar1090-db flag=10
AE01CC,62-4131,R135,Boeing RC-135W Rivet Joint,United States,military,USAF signals intelligence,tar1090-db flag=10
AE01CD,62-4138,R135,Boeing RC-135W Rivet Joint,United States,military,USAF signals intelligence,tar1090-db flag=10
AE01CE,62-4134,R135,Boeing RC-135W Rivet Joint,United States,military,USAF signals intelligence,tar1090-db flag=10
AE01CF,62-4132,R135,Boeing RC-135W Rivet Joint,United States,military,USAF signals intelligence,tar1090-db flag=10
AE01D0,62-4139,R135,Boeing RC-135W Rivet Joint,United States,military,USAF signals intelligence,tar1090-db flag=10
AE01D1,62-4130,R135,Boeing RC-135W Rivet Joint,United States,military,USAF signals intelligence,tar1090-db flag=10
AE01D2,62-4125,R135,Boeing RC-135W Rivet Joint,United States,military,USAF signals intelligence,tar1090-db flag=10
AE01D3,62-4129,R135,Boeing TC-135W,United States,military,USAF signals intelligence,tar1090-db flag=10
AE01D4,64-14847,R135,Boeing RC-135U Combat Sent,United States,military,USAF signals intelligence,tar1090-db flag=10
AE01D5,64-14849,R135,Boeing RC-135U Combat Sent,United States,military,USAF signals intelligence,tar1090-db flag=10
AE01D6,61-2663,R135,Boeing RC-135S Cobra Ball,United States,military,USAF signals intelligence,tar1090-db flag=10
AE01D7,62-4128,R135,Boeing RC-135S Cobra Ball,United States,military,USAF signals intelligence,tar1090-db flag=10
AE01D8,61-2662,R135,Boeing RC-135S Cobra Ball,United States,military,USAF signals intelligence,tar1090-db flag=10
AE08D6,61-2672,R135,BOEING RC-135,United States,military,USAF signals intelligence,tar1090-db flag=10
AE11D2,71-1407,E3TF,Boeing E-3B Sentry,United States,military,AWACS airborne early warning,tar1090-db flag=10
AE11D3,71-1408,E3TF,Boeing E-3B Sentry,United States,military,AWACS airborne early warning,tar1090-db flag=10
AE11D5,73-1675,E3TF,Boeing E-3B Sentry,United States,military,AWACS airborne early warning,tar1090-db flag=10
AE11D6,75-0556,E3TF,Boeing E-3B Sentry,United States,military,AWACS airborne early warning,tar1090-db flag=10
AE11D7,75-0557,E3TF,Boeing E-3B Sentry,United States,military,AWACS airborne early warning,tar1090-db flag=10
AE11D8,75-0558,E3TF,Boeing E-3B Sentry,United States,military,AWACS airborne early warning,tar1090-db flag=10
AE11D9,75-0559,E3TF,Boeing E-3B Sentry,United States,military,AWACS airborne early warning,tar1090-db flag=10
AE11DA,75-0560,E3TF,Boeing E-3B Sentry,United States,military,AWACS airborne early warning,tar1090-db flag=10
AE11DB,76-1604,E3TF,Boeing E-3G Sentry,United States,military,AWACS airborne early warning,tar1090-db flag=10
AE11DC,76-1605,E3TF,Boeing E-3G Sentry,United States,military,AWACS airborne early warning,tar1090-db flag=10
AE11DD,76-1606,E3TF,Boeing E-3B Sentry,United States,military,AWACS airborne early warning,tar1090-db flag=10
AE11DE,76-1607,E3TF,Boeing E-3G Sentry,United States,military,AWACS airborne early warning,tar1090-db flag=10
AE11DF,77-0351,E3TF,Boeing E-3G Sentry,United States,military,AWACS airborne early warning,tar1090-db flag=10
AE11E0,77-0352,E3TF,Boeing E-3B Sentry,United States,military,AWACS airborne early warning,tar1090-db flag=10
AE11E1,77-0353,E3TF,Boeing E-3B Sentry,United States,military,AWACS airborne early warning,tar1090-db flag=10
AE11E2,77-0355,E3TF,Boeing E-3B Sentry,United States,military,AWACS airborne early warning,tar1090-db flag=10
AE11E3,77-0356,E3TF,Boeing E-3G Sentry,United States,military,AWACS airborne early warning,tar1090-db flag=10
AE11E4,78-0576,E3TF,Boeing E-3G Sentry,United States,military,AWACS airborne early warning,tar1090-db flag=10
AE11E5,78-0577,E3TF,Boeing E-3B Sentry,United States,military,AWACS airborne early warning,tar1090-db flag=10
AE11E6,78-0578,E3TF,Boeing E-3B Sentry,United States,military,AWACS airborne early warning,tar1090-db flag=10
AE11E7,79-0001,E3TF,Boeing E-3G Sentry,United States,military,AWACS airborne early warning,tar1090-db flag=10
AE11E8,79-0002,E3TF,Boeing E-3B Sentry,United States,military,AWACS airborne early warning,tar1090-db flag=10
AE11E9,79-0003,E3TF,Boeing E-3B Sentry,United States,military,AWACS airborne early warning,tar1090-db flag=10
AE11EA,80-0137,E3TF,Boeing E-3C Sentry,United States,military,AWACS airborne early warning,tar1090-db flag=10
AE11EB,80-0138,E3TF,Boeing E-3G Sentry,United States,military,AWACS airborne early warning,tar1090-db flag=10
AE11EC,80-0139,E3TF,Boeing E-3C Sentry,United States,military,AWACS airborne early warning,tar1090-db flag=10
AE11ED,81-0004,E3TF,Boeing E-3C Sentry,United States,military,AWACS airborne early warning,tar1090-db flag=10
AE11EE,81-0005,E3TF,Boeing E-3G Sentry,United States,military,AWACS airborne early warning,tar1090-db flag=10
AE11EF,82-0006,E3TF,Boeing E-3G Sentry,United States,military,AWACS airborne early warning,tar1090-db flag=10
AE11F0,82-0007,E3TF,Boeing E-3G Sentry,United States,military,AWACS airborne early warning,tar1090-db flag=10
AE11F2,83-0009,E3TF,Boeing E-3C Sentry,United States,military,AWACS airborne early warning,tar1090-db flag=10
AE11F4,,E3TF,,United States,military,AWACS airborne early warning,tar1090-db flag=10
AE1253,62-4126,R135,Boeing RC-135W Rivet Joint,United States,military,USAF signals intelligence,tar1090-db flag=10
AE222C,167951,P8,Boeing P-8A Poseidon,United States,military,US Navy maritime patrol,tar1090-db flag=10
AE222D,167952,P8,Boeing P-8A Poseidon,United States,military,US Navy maritime patrol,tar1090-db flag=10
AE222E,167953,P8,Boeing P-8A Poseidon,United States,military,US Navy maritime patrol,tar1090-db flag=10
AE222F,167954,P8,Boeing P-8A Poseidon,United States,military,US Navy maritime patrol,tar1090-db flag=10
AE2230,167955,P8,Boeing P-8A Poseidon,United States,military,US Navy maritime patrol,tar1090-db flag=10
AE4EB1,167956,P8,Boeing P-8A Poseidon,United States,military,US Navy maritime patrol,tar1090-db flag=10
AE4EB2,168428,P8,Boeing P-8A Poseidon,United States,military,US Navy maritime patrol,tar1090-db flag=10
AE4EB3,168429,P8,Boeing P-8A Poseidon,United States,military,US Navy maritime patrol,tar1090-db flag=10
AE4EB4,168430,P8,Boeing P-8A Poseidon,United States,military,US Navy maritime patrol,tar1090-db flag=10
AE4EB5,168431,P8,Boeing P-8A Poseidon,United States,military,US Navy maritime patrol,tar1090-db flag=10
AE4EB6,168432,P8,Boeing P-8A Poseidon,United States,military,US Navy maritime patrol,tar1090-db flag=10
AE4EB7,168433,P8,Boeing P-8A Poseidon,United States,military,US Navy maritime patrol,tar1090-db flag=10
AE4EB8,168434,P8,Boeing P-8A Poseidon,United States,military,US Navy maritime patrol,tar1090-db flag=10
AE4EB9,168435,P8,Boeing P-8A Poseidon,United States,military,US Navy maritime patrol,tar1090-db flag=10
AE4EBA,168436,P8,Boeing P-8A Poseidon,United States,military,US Navy maritime patrol,tar1090-db flag=10
AE4EBB,168437,P8,Boeing P-8A Poseidon,United States,military,US Navy maritime patrol,tar1090-db flag=10
AE4EBC,168438,P8,Boeing P-8A Poseidon,United States,military,US Navy maritime patrol,tar1090-db flag=10
AE4EBD,168439,P8,Boeing P-8A Poseidon,United States,military,US Navy maritime patrol,tar1090-db flag=10
AE4EBE,168440,P8,Boeing P-8A Poseidon,United States,military,US Navy maritime patrol,tar1090-db flag=10
AE4EBF,168754,P8,Boeing P-8A Poseidon,United States,military,US Navy maritime patrol,tar1090-db flag=10
AE4EC0,168755,P8,Boeing P-8A Poseidon,United States,military,US Navy maritime patrol,tar1090-db flag=10
AE4EC1,168756,P8,Boeing P-8A Poseidon,United States,military,US Navy maritime patrol,tar1090-db flag=10
AE4EC2,168757,P8,Boeing P-8A Poseidon,United States,military,US Navy maritime patrol,tar1090-db flag=10
AE4EC3,168758,P8,Boeing P-8A Poseidon,United States,military,US Navy maritime patrol,tar1090-db flag=10
AE4EC4,168759,P8,Boeing P-8A Poseidon,United States,military,US Navy maritime patrol,tar1090-db flag=10
AE4EC5,168760,P8,Boeing P-8A Poseidon,United States,military,US Navy maritime patrol,tar1090-db flag=10
AE4EC6,168761,P8,Boeing P-8A Poseidon,United States,military,US Navy maritime patrol,tar1090-db flag=10
AE4EC7,168762,P8,Boeing P-8A Poseidon,United States,military,US Navy maritime patrol,tar1090-db flag=10
AE4EC8,168763,P8,Boeing P-8A Poseidon,United States,military,US Navy maritime patrol,tar1090-db flag=10
AE4EC9,168764,P8,Boeing P-8A Poseidon,United States,military,US Navy maritime patrol,tar1090-db flag=10
AE57B4,168848,P8,Boeing P-8A Poseidon,United States,military,US Navy maritime patrol,tar1090-db flag=10
AE57B5,168849,P8,Boeing P-8A Poseidon,United States,military,US Navy maritime patrol,tar1090-db flag=10
AE57B6,168850,P8,Boeing P-8A Poseidon,United States,military,US Navy maritime patrol,tar1090-db flag=10
AE57B7,168851,P8,Boeing P-8A Poseidon,United States,military,US Navy maritime patrol,tar1090-db flag=10
AE57B8,168852,P8,Boeing P-8A Poseidon,United States,military,US Navy maritime patrol,tar1090-db flag=10
AE57B9,168853,P8,Boeing P-8A Poseidon,United States,military,US Navy maritime patrol,tar1090-db flag=10
AE57BA,168854,P8,Boeing P-8A Poseidon,United States,military,US Navy maritime patrol,tar1090-db flag=10
AE57BB,168855,P8,Boeing P-8A Poseidon,United States,military,US Navy maritime patrol,tar1090-db flag=10
AE57BC,168856,P8,Boeing P-8A Poseidon,United States,military,US Navy maritime patrol,tar1090-db flag=10
AE57BD,168857,P8,Boeing P-8A Poseidon,United States,military,US Navy maritime patrol,tar1090-db flag=10
AE57BE,168858,P8,Boeing P-8A Poseidon,United States,military,US Navy maritime patrol,tar1090-db flag=10
AE57BF,168859,P8,Boeing P-8A Poseidon,United States,military,US Navy maritime patrol,tar1090-db flag=10
AE57C0,168860,P8,Boeing P-8A Poseidon,United States,military,US Navy maritime patrol,tar1090-db flag=10
AE57C1,168996,P8,Boeing P-8A Poseidon,United States,military,US Navy maritime patrol,tar1090-db flag=10
AE57C2,168997,P8,Boeing P-8A Poseidon,United States,military,US Navy maritime patrol,tar1090-db flag=10
AE57C3,168998,P8,Boeing P-8A Poseidon,United States,military,US Navy maritime patrol,tar1090-db flag=10
AE57C4,168999,P8,Boeing P-8A Poseidon,United States,military,US Navy maritime patrol,tar1090-db flag=10
AE57C5,169000,P8,Boeing P-8A Poseidon,United States,military,US Navy maritime patrol,tar1090-db flag=10
AE57C6,169001,P8,Boeing P-8A Poseidon,United States,military,US Navy maritime patrol,tar1090-db flag=10
AE57C7,169002,P8,Boeing P-8A Poseidon,United States,military,US Navy maritime patrol,tar1090-db flag=10
AE57C8,169003,P8,Boeing P-8A Poseidon,United States,military,US Navy maritime patrol,tar1090-db flag=10
AE57C9,169004,P8,,United States,military,US Navy maritime patrol,tar1090-db flag=10
AE57CA,169005,P8,Boeing P-8A Poseidon,United States,military,US Navy maritime patrol,tar1090-db flag=10
AE57CB,169006,P8,Boeing P-8A Poseidon,United States,military,US Navy maritime patrol,tar1090-db flag=10
AE57CC,169007,P8,Boeing P-8A Poseidon,United States,military,US Navy maritime patrol,tar1090-db flag=10
AE57CD,169008,P8,Boeing P-8A Poseidon,United States,military,US Navy maritime patrol,tar1090-db flag=10
AE57CE,169009,P8,Boeing P-8A Poseidon,United States,military,US Navy maritime patrol,tar1090-db flag=10
AE57CF,169010,P8,Boeing P-8A Poseidon,United States,military,US Navy maritime patrol,tar1090-db flag=10
AE57D0,169011,P8,Boeing P-8A Poseidon,United States,military,US Navy maritime patrol,tar1090-db flag=10
AE5C56,169324,P8,BOEING P-8 Poseidon,United States,military,US Navy maritime patrol,tar1090-db flag=10
AE5C57,169325,P8,Boeing P-8A Poseidon,United States,military,US Navy maritime patrol,tar1090-db flag=10
AE5C58,169326,P8,Boeing P-8A Poseidon,United States,military,US Navy maritime patrol,tar1090-db flag=10
AE5C5A,169328,P8,Boeing P-8A Poseidon,United States,military,US Navy maritime patrol,tar1090-db flag=10
AE5C5B,169329,P8,Boeing P-8A Poseidon,United States,military,US Navy maritime patrol,tar1090-db flag=10
AE5C5C,169330,P8,Boeing P-8A Poseidon,United States,military,US Navy maritime patrol,tar1090-db flag=10
AE5C5D,169331,P8,Boeing P-8A Poseidon,United States,military,US Navy maritime patrol,tar1090-db flag=10
AE5C5E,169332,P8,BOEING P-8 Poseidon,United States,military,US Navy maritime patrol,tar1090-db flag=10
AE5C5F,169333,P8,Boeing P-8A Poseidon,United States,military,US Navy maritime patrol,tar1090-db flag=10
AE5C60,169334,P8,Boeing P-8A Poseidon,United States,military,US Navy maritime patrol,tar1090-db flag=10
AE5C61,169335,P8,Boeing P-8A Poseidon,United States,military,US Navy maritime patrol,tar1090-db flag=10
AE5C62,169336,P8,Boeing P-8A Poseidon,United States,military,US Navy maritime patrol,tar1090-db flag=10
AE5C63,169337,P8,Boeing P-8A Poseidon,United States,military,US Navy maritime patrol,tar1090-db flag=10
AE5C64,169338,P8,Boeing P-8A Poseidon,United States,military,US Navy maritime patrol,tar1090-db flag=10
AE5C65,169339,P8,Boeing P-8A Poseidon,United States,military,US Navy maritime patrol,tar1090-db flag=10
AE5C66,169340,P8,Boeing P-8A Poseidon,United States,military,US Navy maritime patrol,tar1090-db flag=10
AE5C67,169341,P8,Boeing P-8A Poseidon,United States,military,US Navy maritime patrol,tar1090-db flag=10
AE5C68,169342,P8,Boeing P-8A Poseidon,United States,military,US Navy maritime patrol,tar1090-db flag=10
AE5C69,169343,P8,Boeing P-8A Poseidon,United States,military,US Navy maritime patrol,tar1090-db flag=10
AE5C6A,169344,P8,Boeing P-8A Poseidon,United States,military,US Navy maritime patrol,tar1090-db flag=10
AE5C6B,169345,P8,Boeing P-8A Poseidon,United States,military,US Navy maritime patrol,tar1090-db flag=10
AE5C6C,169346,P8,Boeing P-8A Poseidon,United States,military,US Navy maritime patrol,tar1090-db flag=10
AE5C6D,169347,P8,Boeing P-8A Poseidon,United States,military,US Navy maritime patrol,tar1090-db flag=10
AE5C6E,169348,P8,Boeing P-8A Poseidon,United States,military,US Navy maritime patrol,tar1090-db flag=10
AE5E17,169349,P8,Boeing P-8A Poseidon,United States,military,US Navy maritime patrol,tar1090-db flag=10
AE5E18,169426,P8,Boeing P-8A Poseidon,United States,military,US Navy maritime patrol,tar1090-db flag=10
AE5F37,169542,P8,Boeing P-8A Poseidon,United States,military,US Navy maritime patrol,tar1090-db flag=10
AE5F38,169543,P8,Boeing P-8A Poseidon,United States,military,US Navy maritime patrol,tar1090-db flag=10
AE5F39,169544,P8,Boeing P-8A Poseidon,United States,military,US Navy maritime patrol,tar1090-db flag=10
AE5F3A,169545,P8,Boeing P-8A Poseidon,United States,military,US Navy maritime patrol,tar1090-db flag=10
AE5F3B,169546,P8,Boeing P-8A Poseidon,United States,military,US Navy maritime patrol,tar1090-db flag=10
AE5F3C,169547,P8,Boeing P-8A Poseidon,United States,military,US Navy maritime patrol,tar1090-db flag=10
AE5F3D,169548,P8,Boeing P-8A Poseidon,United States,military,US Navy maritime patrol,tar1090-db flag=10
AE5F3E,169549,P8,Boeing P-8A Poseidon,United States,military,US Navy maritime patrol,tar1090-db flag=10
AE5F3F,169550,P8,BOEING P-8 Poseidon,United States,military,US Navy maritime patrol,tar1090-db flag=10
AE5F40,169551,P8,Boeing P-8A Poseidon,United States,military,US Navy maritime patrol,tar1090-db flag=10
AE5F41,169552,P8,Boeing P-8A Poseidon,United States,military,US Navy maritime patrol,tar1090-db flag=10
AE5F42,169553,P8,Boeing P-8A Poseidon,United States,military,US Navy maritime patrol,tar1090-db flag=10
AE5F43,169554,P8,Boeing P-8A Poseidon,United States,military,US Navy maritime patrol,tar1090-db flag=10
AE5F44,169555,P8,Boeing P-8A Poseidon,United States,military,US Navy maritime patrol,tar1090-db flag=10
AE5F45,169556,P8,Boeing P-8A Poseidon,United States,military,US Navy maritime patrol,tar1090-db flag=10
AE5F46,169557,P8,Boeing P-8A Poseidon,United States,military,US Navy maritime patrol,tar1090-db flag=10
AE5F47,169558,P8,Boeing P-8A Poseidon,United States,military,US Navy maritime patrol,tar1090-db flag=10
AE5F48,169559,P8,Boeing P-8A Poseidon,United States,military,US Navy maritime patrol,tar1090-db flag=10
AE5F49,169560,P8,Boeing P-8A Poseidon,United States,military,US Navy maritime patrol,tar1090-db flag=10
AE5F4A,169561,P8,,United States,military,US Navy maritime patrol,tar1090-db flag=10
AE5F4B,169562,P8,Boeing P-8A Poseidon,United States,military,US Navy maritime patrol,tar1090-db flag=10
AE5F4C,169563,P8,Boeing P-8A Poseidon,United States,military,US Navy maritime patrol,tar1090-db flag=10
AE5F4D,169564,P8,Boeing P-8A Poseidon,United States,military,US Navy maritime patrol,tar1090-db flag=10
AE5F4E,169565,P8,Boeing P-8A Poseidon,United States,military,US Navy maritime patrol,tar1090-db flag=10
AE5F4F,169566,P8,Boeing P-8A Poseidon,United States,military,US Navy maritime patrol,tar1090-db flag=10
AE5F50,169567,P8,Boeing P-8A Poseidon,United States,military,US Navy maritime patrol,tar1090-db flag=10
AE5F51,169568,P8,Boeing P-8A Poseidon,United States,military,US Navy maritime patrol,tar1090-db flag=10
AE5F52,169569,P8,Boeing P-8A Poseidon,United States,military,US Navy maritime patrol,tar1090-db flag=10
AE5F53,169570,P8,Boeing P-8A Poseidon,United States,military,US Navy maritime patrol,tar1090-db flag=10
AE5F54,169571,P8,Boeing P-8A Poseidon,United States,military,US Navy maritime patrol,tar1090-db flag=10
AE5F55,169572,P8,Boeing P-8A Poseidon,United States,military,US Navy maritime patrol,tar1090-db flag=10
AE5F56,169324,P8,Boeing P-8A Poseidon,United States,military,US Navy maritime patrol,tar1090-db flag=10
AE6783,169346,P8,BOEING P-8 Poseidon,United States,military,US Navy maritime patrol,tar1090-db flag=10
AE6790,169561,P8,Boeing P-8A Poseidon,United States,military,US Navy maritime patrol,tar1090-db flag=10
AE6820,169004,P8,Boeing P-8A Poseidon,United States,military,US Navy maritime patrol,tar1090-db flag=10
AE6A3A,170013,P8,Boeing P-8A Poseidon,United States,military,US Navy maritime patrol,tar1090-db flag=10
AE6A3B,170014,P8,Boeing P-8A Poseidon,United States,military,US Navy maritime patrol,tar1090-db flag=10
AE6A3C,170015,P8,Boeing P-8A Poseidon,United States,military,US Navy maritime patrol,tar1090-db flag=10
AE6A3D,170016,P8,BOEING P-8 Poseidon,United States,military,US Navy maritime patrol,tar1090-db flag=10
AE6A3E,170017,P8,Boeing P-8A Poseidon,United States,military,US Navy maritime patrol,tar1090-db flag=10
AE6A3F,170018,P8,Boeing P-8A Poseidon,United States,military,US Navy maritime patrol,tar1090-db flag=10
AE6A41,170269,P8,BOEING P-8 Poseidon,United States,military,US Navy maritime patrol,tar1090-db flag=10
AE749B,170476,P8,BOEING P-8 Poseidon,United States,military,US Navy maritime patrol,tar1090-db flag=10
AE749C,170477,P8,BOEING P-8 Poseidon,United States,military,US Navy maritime patrol,tar1090-db flag=10
AE749D,170478,P8,BOEING P-8 Poseidon,United States,military,US Navy maritime patrol,tar1090-db flag=10
AE749E,170479,P8,BOEING P-8 Poseidon,United States,military,US Navy maritime patrol,tar1090-db flag=10
AE749F,170480,P8,BOEING P-8 Poseidon,United States,military,US Navy maritime patrol,tar1090-db flag=10
AE74A0,170481,P8,,United States,military,US Navy maritime patrol,tar1090-db flag=10
